# rounds 1-4: seed=20261009 drawn_at=2026-10-09T17:32:41Z method=random Latin square (rows, columns, symbols of a cyclic square permuted)
round,position,environment,seed
1,1,iaas-premium-ssd,20261009
1,2,iaas-standard-ssd,20261009
1,3,paas-burstable,20261009
1,4,paas-general-purpose,20261009
2,1,paas-general-purpose,20261009
2,2,paas-burstable,20261009
2,3,iaas-standard-ssd,20261009
2,4,iaas-premium-ssd,20261009
3,1,iaas-standard-ssd,20261009
3,2,paas-general-purpose,20261009
3,3,iaas-premium-ssd,20261009
3,4,paas-burstable,20261009
4,1,paas-burstable,20261009
4,2,iaas-premium-ssd,20261009
4,3,paas-general-purpose,20261009
4,4,iaas-standard-ssd,20261009
